fluid,operator,project_status,inplace,depth,temp,poro,perm,saturate,api_dens,visc,avg_fluid_rate,location,region,prospect_rank
Gas,NON_PERTAMINA,ONSHORE,50.0,5627.0,97.53791063072087,0.2315401,396.2948,0.5446487,0.6547354,0.0,10917.176785714286,Jawa Timur,Jawa,1
Gas,PERTAMINA,OFFSHORE,0.8928571428571429,1588.0,60.75444851743777,0.3716486,975.0449,0.5861887,0.7697566,0.0,1475.1141071428574,Jawa Barat,Jawa,0
Gas,PERTAMINA,OFFSHORE,3.0910714285714285,3775.0,84.0044226961409,0.3508701,1985.562,0.6278563,0.7746674,0.0,37.48069642857143,Jawa Barat,Jawa,0
Gas,PERTAMINA,BOTH,1274.107142857143,6383.0,76.45,0.2012669,619.7617,0.6813745,0.7837487,0.0,2827.476785714286,Selat Makasar,Kalimantan,1
Gas,NON_PERTAMINA,ONSHORE,2.8392857142857144,2067.0,67.05331183585456,0.2130108,108.1771,0.7014102,0.7106263,0.0,1237.4848214285714,Riau,Sumatera,1
